<?xml version="1.0" encoding="UTF-8"?>
<project-private xmlns="http://www.netbeans.org/ns/project-private/1">
    <editor-bookmarks xmlns="http://www.netbeans.org/ns/editor-bookmarks/2" lastBookmarkId="0"/>
    <open-files xmlns="http://www.netbeans.org/ns/projectui-open-files/2">
        <group>
            <file>file:/E:/Kuliah/Semester%205/TRPL/gambar/Gambar%20Fix/Project_TRPL_F/src/view/v_homePetugas.java</file>
            <file>file:/E:/Kuliah/Semester%205/TRPL/gambar/Gambar%20Fix/Project_TRPL_F/src/view/v_homeSupervisor.java</file>
            <file>file:/E:/Kuliah/Semester%205/TRPL/gambar/Gambar%20Fix/Project_TRPL_F/src/view/v_homeSupplier.java</file>
            <file>file:/E:/Kuliah/Semester%205/TRPL/gambar/Gambar%20Fix/Project_TRPL_F/src/view/v_prediksi.java</file>
            <file>file:/E:/Kuliah/Semester%205/TRPL/gambar/Gambar%20Fix/Project_TRPL_F/src/view/v_homeAdmin.java</file>
            <file>file:/E:/Kuliah/Semester%205/TRPL/gambar/Gambar%20Fix/Project_TRPL_F/src/view/v_mengelolahObat.java</file>
            <file>file:/E:/Kuliah/Semester%205/TRPL/gambar/Gambar%20Fix/Project_TRPL_F/src/view/v_memasukkanPermintaan.java</file>
            <file>file:/E:/Kuliah/Semester%205/TRPL/gambar/Gambar%20Fix/Project_TRPL_F/src/Project_TRPL/Project_TRPL.java</file>
            <file>file:/E:/Kuliah/Semester%205/TRPL/gambar/Gambar%20Fix/Project_TRPL_F/src/controller/c_prediksi.java</file>
            <file>file:/E:/Kuliah/Semester%205/TRPL/gambar/Gambar%20Fix/Project_TRPL_F/src/view/v_login.java</file>
            <file>file:/E:/Kuliah/Semester%205/TRPL/gambar/Gambar%20Fix/Project_TRPL_F/src/view/v_melihatStok.java</file>
            <file>file:/E:/Kuliah/Semester%205/TRPL/gambar/Gambar%20Fix/Project_TRPL_F/src/view/v_melihatHistori.java</file>
            <file>file:/E:/Kuliah/Semester%205/TRPL/gambar/Gambar%20Fix/Project_TRPL_F/src/view/v_mengelolahAkun.java</file>
            <file>file:/E:/Kuliah/Semester%205/TRPL/gambar/Gambar%20Fix/Project_TRPL_F/src/view/v_mengelolahStok.java</file>
        </group>
    </open-files>
</project-private>
